transformer_id,timestamp,voltage_kv,current_a,oil_temperature_c,winding_temperature_c,oil_level_pct,vibration_mm_s,load_percentage,ambient_temperature_c,humidity_pct,dissolved_gas_ppm
TR-001,2026-09-15T00:00:00,129.49,296.01,66.91,81.16,88.39,1.58,66.28,21.84,69.27,43.12
TR-001,2026-09-15T01:00:00,132.03,284.75,66.29,80.15,87.69,1.74,64.33,22.43,70.71,43.28
TR-001,2026-09-15T02:00:00,133.05,315.43,69.26,83.34,87.53,1.62,70.45,22.97,70.13,45.91
TR-001,2026-09-15T03:00:00,133.21,323.78,69.85,84.4,88.24,1.81,71.87,26.09,65.54,46.06
TR-001,2026-09-15T04:00:00,129.6,323.39,68.9,82.99,87.48,1.7,72.47,24.7,66.26,45.46
TR-001,2026-09-15T05:00:00,130.47,318.11,70.64,85.22,87.52,1.85,71.21,27.31,59.52,45.77
TR-001,2026-09-15T06:00:00,132.74,349.68,73.23,88.65,87.55,1.66,77.58,27.22,60.56,45.57
TR-001,2026-09-15T07:00:00,134.34,331.23,70.99,85.37,88.2,1.77,72.77,26.78,60.92,45.74
TR-001,2026-09-15T08:00:00,130.75,347.3,72.92,87.4,88.26,1.82,76.99,29.19,56.26,45.19
TR-001,2026-09-15T09:00:00,132.67,339.48,71.18,85.72,88.23,1.81,74.79,28.43,62.68,48.69
TR-001,2026-09-15T10:00:00,133.17,341.25,72.21,87.22,87.31,1.78,75.43,29.44,58.06,49.32
TR-001,2026-09-15T11:00:00,130.75,376.93,76.26,92.39,87.47,1.93,83.76,29.04,59.59,46.36
TR-001,2026-09-15T12:00:00,132.21,382.0,75.3,90.6,87.16,2.03,84.27,30.76,58.63,49.33
TR-001,2026-09-15T13:00:00,129.67,372.96,75.45,90.81,87.18,1.95,82.04,32.67,55.09,46.76
TR-001,2026-09-15T14:00:00,132.26,379.25,77.27,92.44,87.62,1.97,84.8,33.12,51.03,47.75
TR-001,2026-09-15T15:00:00,132.79,393.31,76.94,92.38,87.39,1.94,87.54,31.39,53.8,47.63
TR-001,2026-09-15T16:00:00,132.69,351.57,75.53,89.93,87.26,1.89,78.73,31.88,52.97,47.53
TR-001,2026-09-15T17:00:00,132.38,378.76,76.94,92.03,87.09,1.86,84.23,30.85,55.77,49.12
TR-001,2026-09-15T18:00:00,132.92,370.11,73.97,89.02,87.82,1.77,81.17,28.13,58.45,49.29
TR-001,2026-09-15T19:00:00,130.83,345.3,73.41,88.94,87.48,1.66,77.29,29.94,60.59,51.09
TR-001,2026-09-15T20:00:00,134.25,364.61,73.36,88.12,87.3,1.69,80.25,27.0,61.27,51.94
TR-001,2026-09-15T21:00:00,133.5,328.95,71.87,87.25,87.43,1.86,73.2,27.1,59.78,49.44
TR-001,2026-09-15T22:00:00,132.42,348.81,71.68,86.78,87.34,1.95,77.42,27.41,59.33,52.34
TR-001,2026-09-15T23:00:00,130.34,310.96,68.69,82.28,87.7,1.66,68.89,26.53,63.27,51.23
TR-001,2026-09-16T00:00:00,132.44,290.57,66.08,80.23,87.02,1.67,64.52,23.97,67.58,50.2
TR-001,2026-09-16T01:00:00,133.33,288.72,67.57,82.22,86.82,1.61,65.11,23.21,66.28,52.98
TR-001,2026-09-16T02:00:00,134.0,318.42,69.22,83.94,87.33,1.93,71.05,22.97,68.97,49.53
TR-001,2026-09-16T03:00:00,130.94,325.41,69.34,83.2,86.8,1.79,71.95,25.98,62.16,52.17
TR-001,2026-09-16T04:00:00,130.43,327.91,69.73,84.91,87.51,1.64,72.57,24.63,65.1,51.11
TR-001,2026-09-16T05:00:00,133.43,308.63,69.0,83.23,87.06,1.57,68.28,25.29,62.02,53.78
TR-001,2026-09-16T06:00:00,132.24,349.4,71.48,85.8,86.91,1.96,76.9,26.91,63.91,53.94
TR-001,2026-09-16T07:00:00,130.47,349.71,72.91,88.57,86.98,1.87,78.27,26.14,61.22,54.47
TR-001,2026-09-16T08:00:00,134.51,360.5,73.0,88.53,86.87,1.99,79.42,29.14,60.6,54.46
TR-001,2026-09-16T09:00:00,130.77,364.67,74.38,90.19,86.73,1.96,80.4,27.49,61.03,52.47
TR-001,2026-09-16T10:00:00,130.56,362.89,74.12,90.06,87.45,1.78,81.7,28.41,60.73,53.1
TR-001,2026-09-16T11:00:00,132.19,385.09,76.59,91.69,87.41,1.8,84.6,28.85,56.88,53.49
TR-001,2026-09-16T12:00:00,131.02,379.06,75.95,91.63,86.67,1.95,84.0,30.7,53.46,55.7
TR-001,2026-09-16T13:00:00,133.16,379.92,76.33,91.19,87.05,1.82,83.89,31.85,53.61,55.64
TR-001,2026-09-16T14:00:00,130.95,388.51,77.36,92.84,86.49,1.88,86.76,31.73,57.55,55.21
TR-001,2026-09-16T15:00:00,132.61,388.65,76.48,91.95,86.76,1.93,86.81,31.48,56.21,54.61
TR-001,2026-09-16T16:00:00,130.49,367.38,76.44,91.26,86.38,1.87,81.7,31.87,55.49,54.34
TR-001,2026-09-16T17:00:00,133.33,376.58,74.72,89.46,86.51,1.87,83.3,29.17,60.84,53.54
TR-001,2026-09-16T18:00:00,132.69,350.87,73.98,88.65,86.9,1.66,78.65,29.92,59.13,56.58
TR-001,2026-09-16T19:00:00,131.6,333.22,72.72,86.73,86.46,1.92,74.77,30.04,57.18,56.96
TR-001,2026-09-16T20:00:00,134.58,351.23,74.27,89.46,86.9,1.83,77.84,29.35,60.46,56.19
TR-001,2026-09-16T21:00:00,133.29,351.92,72.03,87.29,86.92,1.84,78.26,26.61,63.35,55.35
TR-001,2026-09-16T22:00:00,130.87,314.02,69.63,83.38,86.35,1.83,70.29,26.13,64.54,54.76
TR-001,2026-09-16T23:00:00,132.22,320.95,69.42,84.5,86.67,1.84,71.51,25.12,66.96,57.81
TR-001,2026-09-17T00:00:00,129.39,287.46,67.05,81.55,86.48,1.79,64.21,23.43,67.63,57.41
TR-001,2026-09-17T01:00:00,130.52,288.93,65.46,79.54,86.43,1.59,64.35,21.92,69.42,55.76
TR-001,2026-09-17T02:00:00,129.5,309.35,67.37,81.81,86.14,1.73,68.98,24.19,63.52,57.02
TR-001,2026-09-17T03:00:00,131.09,304.61,68.21,82.78,86.22,1.58,67.11,24.3,63.17,57.91
TR-001,2026-09-17T04:00:00,131.21,338.24,71.47,86.61,86.89,1.69,74.83,26.18,60.35,56.61
TR-001,2026-09-17T05:00:00,132.89,312.31,69.2,83.86,86.08,1.79,69.26,25.15,66.26,56.71
TR-001,2026-09-17T06:00:00,134.45,339.07,70.9,86.04,86.84,1.77,76.22,25.24,65.93,56.8
TR-001,2026-09-17T07:00:00,132.67,340.76,73.27,88.33,85.97,1.98,76.61,28.15,61.97,58.14
TR-001,2026-09-17T08:00:00,131.32,341.74,72.78,88.13,85.93,1.97,75.93,27.52,62.03,60.31
TR-001,2026-09-17T09:00:00,131.66,360.45,73.92,89.58,86.33,1.84,79.58,30.06,57.02,60.17
TR-001,2026-09-17T10:00:00,133.86,351.97,73.62,88.18,86.22,1.86,77.48,28.09,59.64,57.61
TR-001,2026-09-17T11:00:00,130.32,373.14,75.78,91.91,86.43,1.8,83.56,30.89,53.23,61.54
TR-001,2026-09-17T12:00:00,133.16,354.71,75.05,90.38,86.19,1.94,78.85,31.44,52.9,58.89
TR-001,2026-09-17T13:00:00,130.98,383.86,76.85,92.39,86.42,1.83,85.12,31.25,56.84,59.33
TR-001,2026-09-17T14:00:00,130.0,370.47,75.97,91.86,85.83,1.77,83.01,30.86,56.12,61.4
TR-001,2026-09-17T15:00:00,132.13,391.13,76.53,91.96,85.79,1.74,87.4,30.13,57.51,59.85
TR-001,2026-09-17T16:00:00,132.28,388.79,77.14,92.86,86.45,1.92,85.96,29.55,57.99,60.76
TR-001,2026-09-17T17:00:00,129.63,356.4,74.49,89.37,85.62,1.87,78.22,29.93,54.93,59.85
TR-001,2026-09-17T18:00:00,130.96,364.22,74.25,89.61,86.31,1.75,79.84,28.19,60.35,61.3
TR-001,2026-09-17T19:00:00,133.9,353.47,73.09,88.24,86.23,1.98,77.46,28.08,58.63,60.59
TR-001,2026-09-17T20:00:00,130.19,346.75,71.42,86.34,86.05,1.75,77.78,26.73,60.79,62.83
TR-001,2026-09-17T21:00:00,131.76,347.07,73.37,88.47,86.09,1.97,76.71,28.61,59.14,62.43
TR-001,2026-09-17T22:00:00,134.16,340.09,70.18,84.61,86.15,1.82,74.85,25.38,63.16,61.0
TR-001,2026-09-17T23:00:00,133.05,336.35,70.7,84.67,85.41,1.77,73.76,26.0,62.43,61.75
TR-001,2026-09-18T00:00:00,134.44,281.91,66.22,80.59,86.01,1.6,61.9,22.89,65.41,64.03
TR-001,2026-09-18T01:00:00,132.8,302.74,66.85,81.04,85.8,1.58,66.35,22.38,68.02,62.58
TR-001,2026-09-18T02:00:00,133.89,310.42,68.18,83.13,86.09,1.77,69.36,24.58,65.36,62.76
TR-001,2026-09-18T03:00:00,134.48,305.04,69.16,83.53,85.79,1.71,68.0,24.71,63.56,63.2
TR-001,2026-09-18T04:00:00,132.66,330.56,69.88,85.12,85.66,1.85,72.88,24.44,63.57,65.89
TR-001,2026-09-18T05:00:00,130.62,325.62,70.66,84.59,86.18,1.93,73.12,26.15,63.04,62.72
TR-001,2026-09-18T06:00:00,131.99,345.61,71.43,86.83,86.14,1.72,76.32,26.69,62.77,64.03
TR-001,2026-09-18T07:00:00,132.04,356.86,72.89,88.42,85.54,1.98,78.46,28.43,59.9,66.03
TR-001,2026-09-18T08:00:00,130.94,337.29,72.45,86.62,85.64,1.74,74.76,29.5,58.56,65.17
TR-001,2026-09-18T09:00:00,131.06,345.91,73.49,88.04,85.85,1.66,77.56,29.26,60.08,66.07
TR-001,2026-09-18T10:00:00,131.4,369.83,76.22,91.58,85.08,1.86,81.82,30.3,57.59,66.98
TR-001,2026-09-18T11:00:00,131.68,377.09,76.2,91.59,85.66,1.76,83.74,29.87,57.51,67.63
TR-001,2026-09-18T12:00:00,133.02,365.46,76.2,92.05,85.36,1.79,80.88,31.72,56.23,67.04
TR-001,2026-09-18T13:00:00,129.55,385.2,78.33,94.92,85.7,1.88,86.56,31.73,52.5,66.78
TR-001,2026-09-18T14:00:00,131.7,397.85,77.67,94.06,85.21,1.87,87.98,33.21,50.56,66.62
TR-001,2026-09-18T15:00:00,133.54,375.19,76.71,92.47,85.13,2.03,84.11,30.07,55.25,66.59
TR-001,2026-09-18T16:00:00,130.71,355.99,76.0,91.5,85.02,1.83,80.2,31.58,54.2,67.35
TR-001,2026-09-18T17:00:00,131.6,365.87,74.97,90.15,85.31,1.77,81.86,31.04,56.37,67.55
TR-001,2026-09-18T18:00:00,130.92,379.49,75.12,90.72,85.49,1.96,83.27,29.81,55.08,67.93
TR-001,2026-09-18T19:00:00,134.13,348.37,73.8,88.57,85.41,1.87,77.89,29.56,59.23,68.63
TR-001,2026-09-18T20:00:00,133.79,351.25,73.7,88.39,85.18,1.85,77.77,29.21,60.08,66.36
TR-001,2026-09-18T21:00:00,133.31,327.24,70.77,86.13,85.24,1.93,73.44,26.23,65.14,67.28
TR-001,2026-09-18T22:00:00,131.9,346.23,71.83,86.08,85.64,1.69,76.26,27.41,64.18,69.94
TR-001,2026-09-18T23:00:00,134.53,337.85,70.91,86.04,84.66,1.8,74.04,26.91,61.86,69.44
TR-001,2026-09-19T00:00:00,132.45,302.7,66.61,80.17,84.65,1.86,66.55,23.99,66.88,70.66
TR-001,2026-09-19T01:00:00,129.69,292.81,66.45,80.09,84.73,1.86,64.35,24.56,64.49,69.22
TR-001,2026-09-19T02:00:00,134.04,287.87,67.06,81.28,85.51,1.68,64.78,23.86,68.16,68.12
TR-001,2026-09-19T03:00:00,129.88,309.22,69.22,82.66,84.9,1.72,68.74,24.39,68.62,71.17
TR-001,2026-09-19T04:00:00,132.98,304.78,68.6,82.52,84.69,1.6,67.63,26.77,64.43,69.82
TR-001,2026-09-19T05:00:00,132.75,331.95,70.64,84.85,84.6,1.81,73.55,24.56,63.07,71.31
TR-001,2026-09-19T06:00:00,130.5,324.64,69.22,84.28,84.44,1.89,71.32,26.15,61.14,69.02
TR-001,2026-09-19T07:00:00,130.28,330.52,69.48,84.52,84.65,1.72,73.09,25.91,61.68,68.96
TR-001,2026-09-19T08:00:00,132.14,355.39,73.68,88.76,84.49,1.83,78.43,27.93,63.28,69.17
TR-001,2026-09-19T09:00:00,133.94,361.02,74.91,89.42,84.83,1.81,80.18,28.54,60.81,71.21
TR-001,2026-09-19T10:00:00,129.75,367.55,74.41,89.48,84.95,1.89,82.61,29.66,56.96,73.48
TR-001,2026-09-19T11:00:00,131.76,365.51,74.77,90.62,84.94,1.95,80.99,28.8,60.63,70.61
TR-001,2026-09-19T12:00:00,130.57,366.4,75.17,89.88,84.69,1.92,81.78,30.53,55.95,70.61
TR-001,2026-09-19T13:00:00,129.71,394.68,76.18,92.39,85.04,1.93,86.97,30.11,57.85,72.5
TR-001,2026-09-19T14:00:00,130.01,374.92,77.27,93.39,84.92,2.04,83.64,32.5,54.35,71.91
TR-001,2026-09-19T15:00:00,130.48,380.51,75.39,91.52,84.54,1.97,84.21,30.51,57.18,73.98
TR-001,2026-09-19T16:00:00,134.51,385.37,76.91,91.8,85.07,2.0,84.93,31.01,54.59,71.72
TR-001,2026-09-19T17:00:00,130.99,369.06,75.48,91.0,84.51,1.74,82.37,28.52,60.52,71.37
TR-001,2026-09-19T18:00:00,130.5,365.05,74.24,89.91,84.86,1.88,81.3,28.86,56.72,71.71
TR-001,2026-09-19T19:00:00,132.62,340.05,72.33,87.07,84.49,1.72,75.18,27.98,62.06,72.21
TR-001,2026-09-19T20:00:00,130.86,343.51,72.6,86.71,84.42,1.84,75.94,27.96,57.61,73.21
TR-001,2026-09-19T21:00:00,130.08,325.02,69.71,84.65,84.17,1.74,72.77,26.82,63.49,74.25
TR-001,2026-09-19T22:00:00,133.62,339.21,71.4,85.5,84.88,1.94,76.33,27.75,61.33,74.79
TR-001,2026-09-19T23:00:00,131.57,328.84,69.85,84.99,84.55,1.91,73.93,24.56,68.18,73.1
TR-002,2026-09-15T00:00:00,130.64,403.94,79.52,94.19,87.84,1.76,77.51,22.74,66.4,45.04
TR-002,2026-09-15T01:00:00,132.05,385.17,78.76,93.87,88.29,1.69,73.29,22.88,66.06,44.04
TR-002,2026-09-15T02:00:00,133.37,411.42,80.84,95.92,88.19,1.93,78.82,23.03,67.65,47.2
TR-002,2026-09-15T03:00:00,132.71,417.97,82.11,96.76,87.48,1.83,80.14,25.76,62.68,44.85
TR-002,2026-09-15T04:00:00,132.04,402.14,79.88,95.4,87.46,1.95,77.7,25.19,66.85,46.46
TR-002,2026-09-15T05:00:00,131.8,431.78,84.07,99.45,88.16,1.92,82.93,26.88,61.11,46.15
TR-002,2026-09-15T06:00:00,129.69,420.93,82.93,98.63,87.82,1.75,81.71,27.86,59.2,46.25
TR-002,2026-09-15T07:00:00,132.12,441.92,83.82,99.38,87.63,1.93,85.64,26.95,63.81,47.34
TR-002,2026-09-15T08:00:00,129.86,440.04,84.39,100.23,88.17,2.01,84.28,27.35,60.48,47.33
TR-002,2026-09-15T09:00:00,131.21,454.53,85.27,101.21,88.17,1.84,86.51,29.26,57.87,48.42
TR-002,2026-09-15T10:00:00,132.9,489.54,88.62,105.08,87.85,1.94,93.51,30.05,56.6,46.95
TR-002,2026-09-15T11:00:00,130.49,472.84,86.46,101.99,87.25,2.06,90.07,29.96,55.17,48.83
TR-002,2026-09-15T12:00:00,134.03,499.41,90.03,106.16,87.52,1.88,96.93,30.18,59.22,49.08
TR-002,2026-09-15T13:00:00,130.23,510.8,90.7,107.13,87.55,1.93,98.35,31.07,57.39,48.05
TR-002,2026-09-15T14:00:00,130.99,511.49,91.15,107.74,88.03,2.17,97.77,31.91,54.41,47.63
TR-002,2026-09-15T15:00:00,132.14,498.3,90.24,106.21,87.3,2.03,94.93,32.28,56.32,48.97
TR-002,2026-09-15T16:00:00,133.83,477.08,87.91,103.74,87.93,1.82,91.07,30.02,57.09,50.79
TR-002,2026-09-15T17:00:00,131.74,468.58,85.68,101.82,87.23,2.11,90.4,28.58,58.88,47.36
TR-002,2026-09-15T18:00:00,133.79,492.64,87.92,104.08,87.79,2.04,94.45,30.21,55.02,50.32
TR-002,2026-09-15T19:00:00,129.39,458.38,86.48,102.56,87.66,1.94,88.96,27.93,58.27,48.9
TR-002,2026-09-15T20:00:00,129.61,447.23,85.12,100.25,87.81,1.93,86.16,28.88,56.28,50.06
TR-002,2026-09-15T21:00:00,130.12,436.4,83.47,98.9,87.53,1.74,84.06,27.68,63.83,48.52
TR-002,2026-09-15T22:00:00,132.04,445.38,83.66,99.24,87.48,2.06,84.71,26.83,60.78,48.56
TR-002,2026-09-15T23:00:00,131.18,445.27,84.41,100.45,87.14,1.73,85.18,26.38,63.21,52.0
TR-002,2026-09-16T00:00:00,133.47,374.83,78.32,93.31,86.84,1.87,72.15,23.25,67.37,50.17
TR-002,2026-09-16T01:00:00,130.41,373.62,78.84,94.17,87.29,1.69,72.73,24.63,67.07,50.01
TR-002,2026-09-16T02:00:00,133.48,403.33,79.05,93.76,87.61,1.9,76.86,23.5,69.62,51.05
TR-002,2026-09-16T03:00:00,131.98,433.71,83.11,99.1,87.42,1.73,83.41,25.94,64.2,53.04
TR-002,2026-09-16T04:00:00,131.06,420.17,82.0,97.51,87.09,1.93,81.61,25.82,62.88,50.17
TR-002,2026-09-16T05:00:00,131.22,451.35,84.63,101.07,86.71,1.95,85.84,25.32,63.7,53.45
TR-002,2026-09-16T06:00:00,134.39,443.32,84.94,99.93,86.67,2.0,85.94,26.99,61.21,52.03
TR-002,2026-09-16T07:00:00,132.55,452.42,85.05,101.27,87.14,1.92,86.66,28.68,58.87,53.35
TR-002,2026-09-16T08:00:00,129.96,448.26,84.49,100.31,86.8,1.81,85.75,28.0,60.18,54.99
TR-002,2026-09-16T09:00:00,134.2,455.74,85.9,101.71,87.41,1.89,87.66,27.53,58.73,53.98
TR-002,2026-09-16T10:00:00,131.05,486.03,87.61,104.67,87.33,2.04,93.76,28.03,63.02,54.05
TR-002,2026-09-16T11:00:00,132.05,490.06,87.66,104.67,86.48,2.0,94.97,29.1,58.06,54.96
TR-002,2026-09-16T12:00:00,132.59,488.09,89.67,106.54,86.95,2.07,94.66,30.09,59.31,52.3
TR-002,2026-09-16T13:00:00,132.75,517.68,90.81,108.38,87.17,2.07,99.65,31.87,52.79,56.12
TR-002,2026-09-16T14:00:00,134.17,499.75,89.09,105.28,86.68,2.07,96.96,30.87,55.27,56.26
TR-002,2026-09-16T15:00:00,133.83,512.46,90.96,107.27,86.63,2.03,99.03,31.74,54.91,53.42
TR-002,2026-09-16T16:00:00,130.17,510.04,90.47,107.82,86.86,2.12,97.78,31.33,52.68,53.18
TR-002,2026-09-16T17:00:00,132.41,489.06,88.47,105.13,86.77,2.01,93.76,30.8,55.04,57.08
TR-002,2026-09-16T18:00:00,133.61,474.32,85.94,101.41,86.68,1.94,90.86,28.73,57.63,55.93
TR-002,2026-09-16T19:00:00,133.15,459.32,87.11,102.43,86.58,1.94,87.88,29.75,56.79,55.62
TR-002,2026-09-16T20:00:00,130.67,442.6,84.28,100.19,86.43,2.03,85.89,27.37,59.4,55.31
TR-002,2026-09-16T21:00:00,131.01,453.73,84.82,100.63,86.46,1.74,86.75,27.33,64.18,56.27
TR-002,2026-09-16T22:00:00,130.5,457.32,84.5,101.05,86.77,1.91,88.23,25.32,64.74,57.89
TR-002,2026-09-16T23:00:00,134.02,430.34,82.76,98.01,86.66,1.76,82.32,26.79,62.63,55.04
TR-002,2026-09-17T00:00:00,133.4,386.65,79.69,93.81,87.04,1.76,74.78,24.13,68.07,56.36
TR-002,2026-09-17T01:00:00,133.35,412.42,80.81,95.27,86.17,1.79,79.89,23.36,67.3,57.08
TR-002,2026-09-17T02:00:00,132.08,408.3,80.16,96.04,86.74,1.76,78.85,24.34,65.01,58.81
TR-002,2026-09-17T03:00:00,133.1,413.37,81.44,96.91,86.95,1.87,79.88,25.61,65.87,58.65
TR-002,2026-09-17T04:00:00,129.5,430.05,83.72,99.61,86.52,1.95,82.75,26.73,62.91,56.68
TR-002,2026-09-17T05:00:00,132.63,439.74,83.21,98.01,86.86,1.74,83.91,24.94,62.2,57.5
TR-002,2026-09-17T06:00:00,133.01,424.0,83.94,99.89,86.62,1.71,81.71,27.49,59.09,57.33
TR-002,2026-09-17T07:00:00,132.86,440.85,83.21,99.5,86.19,1.84,84.73,26.77,63.98,59.63
TR-002,2026-09-17T08:00:00,133.02,463.38,84.94,101.03,86.04,2.09,88.9,27.08,60.67,58.16
TR-002,2026-09-17T09:00:00,133.08,450.73,86.11,102.42,86.06,1.78,87.03,28.21,61.24,58.77
TR-002,2026-09-17T10:00:00,133.68,497.71,88.37,104.57,86.47,1.92,94.84,30.25,56.78,58.53
TR-002,2026-09-17T11:00:00,130.43,481.18,88.77,104.51,86.35,1.99,92.46,31.3,54.0,60.43
TR-002,2026-09-17T12:00:00,132.73,486.92,89.17,105.04,86.47,1.8,94.5,30.41,57.19,61.72
TR-002,2026-09-17T13:00:00,134.3,498.46,88.7,106.0,85.99,2.03,95.13,31.27,58.04,58.61
TR-002,2026-09-17T14:00:00,132.19,512.3,91.98,108.29,86.52,1.89,98.09,33.31,55.05,62.49
TR-002,2026-09-17T15:00:00,131.98,498.63,90.71,107.87,85.62,2.0,95.05,32.72,51.06,62.68
TR-002,2026-09-17T16:00:00,134.58,481.59,89.02,105.91,86.05,1.85,92.53,30.65,54.2,59.65
TR-002,2026-09-17T17:00:00,130.72,476.82,88.67,105.09,86.31,1.84,92.3,30.71,58.57,62.84
TR-002,2026-09-17T18:00:00,132.08,482.69,87.57,103.42,85.84,1.88,93.62,29.84,56.3,60.44
TR-002,2026-09-17T19:00:00,134.4,473.35,86.25,102.72,86.18,1.79,91.41,29.34,56.2,60.98
TR-002,2026-09-17T20:00:00,132.01,456.3,85.01,100.23,86.38,1.84,86.99,28.61,60.27,60.88
TR-002,2026-09-17T21:00:00,130.17,435.07,83.51,99.08,85.9,1.89,83.19,27.65,62.01,61.12
TR-002,2026-09-17T22:00:00,133.35,432.63,82.43,98.18,85.48,1.89,82.48,25.41,61.76,62.69
TR-002,2026-09-17T23:00:00,132.38,427.68,82.75,97.6,85.58,1.9,82.92,25.48,61.83,62.79
TR-002,2026-09-18T00:00:00,131.75,401.68,78.66,93.55,86.15,1.9,77.22,22.54,68.07,64.27
TR-002,2026-09-18T01:00:00,132.41,402.82,79.19,95.03,86.24,1.68,78.34,22.87,70.8,61.38
TR-002,2026-09-18T02:00:00,133.42,404.46,81.01,95.84,86.27,1.78,77.27,25.43,66.57,65.13
TR-002,2026-09-18T03:00:00,132.96,410.49,81.24,96.07,85.43,1.85,78.63,24.78,65.5,64.66
TR-002,2026-09-18T04:00:00,129.38,406.18,81.4,96.58,85.75,1.95,79.03,24.73,63.89,63.38
TR-002,2026-09-18T05:00:00,134.31,423.87,82.43,97.6,85.96,1.99,81.08,24.84,62.33,63.07
TR-002,2026-09-18T06:00:00,129.54,423.79,81.97,97.67,85.56,1.76,81.31,27.28,59.88,65.95
TR-002,2026-09-18T07:00:00,132.02,427.31,84.18,99.32,85.73,1.93,82.58,28.28,59.0,63.96
TR-002,2026-09-18T08:00:00,132.85,438.69,83.3,99.66,85.98,2.03,84.9,27.4,62.16,64.71
TR-002,2026-09-18T09:00:00,134.49,468.98,87.01,102.76,85.49,1.81,89.34,29.18,57.99,66.27
TR-002,2026-09-18T10:00:00,133.84,470.12,87.87,104.7,85.6,2.11,90.79,29.96,57.9,64.04
TR-002,2026-09-18T11:00:00,130.43,472.43,88.4,103.9,85.73,1.83,90.57,31.27,54.21,66.44
TR-002,2026-09-18T12:00:00,133.97,491.25,89.8,106.45,85.46,2.11,95.07,31.45,54.32,67.83
TR-002,2026-09-18T13:00:00,134.31,483.02,88.78,105.03,85.19,1.99,92.0,30.19,55.44,67.91
TR-002,2026-09-18T14:00:00,133.45,507.99,90.33,106.76,85.43,2.01,97.92,32.1,51.94,68.43
TR-002,2026-09-18T15:00:00,133.79,501.42,89.18,105.89,85.11,1.86,95.63,30.95,54.64,68.49
TR-002,2026-09-18T16:00:00,131.56,489.9,88.53,105.6,85.36,2.03,94.88,30.16,58.37,66.03
TR-002,2026-09-18T17:00:00,134.46,496.46,88.14,105.18,85.0,2.06,95.2,29.97,57.47,68.92
TR-002,2026-09-18T18:00:00,132.75,470.56,87.33,104.26,85.47,2.04,91.34,27.93,60.08,68.87
TR-002,2026-09-18T19:00:00,133.09,448.69,85.25,101.29,85.44,1.95,87.23,28.68,59.38,67.7
TR-002,2026-09-18T20:00:00,132.27,430.88,83.62,99.93,84.76,1.99,83.8,28.09,61.41,69.22
TR-002,2026-09-18T21:00:00,129.93,460.84,84.69,100.78,85.53,1.85,89.4,26.28,62.46,67.74
TR-002,2026-09-18T22:00:00,132.34,440.4,83.52,99.61,85.33,2.0,83.75,25.84,65.3,66.87
TR-002,2026-09-18T23:00:00,132.28,421.49,81.32,96.69,85.08,1.96,81.91,24.53,66.1,70.18
TR-002,2026-09-19T00:00:00,132.15,367.28,77.98,93.04,85.1,1.61,71.51,21.8,67.25,70.7
TR-002,2026-09-19T01:00:00,132.34,409.09,80.83,96.73,85.18,1.93,79.57,24.62,66.85,68.84
TR-002,2026-09-19T02:00:00,130.22,385.43,79.4,94.75,84.89,1.89,74.62,25.0,62.84,71.45
TR-002,2026-09-19T03:00:00,132.0,428.13,81.2,97.07,84.87,1.95,81.42,23.33,70.23,69.34
TR-002,2026-09-19T04:00:00,129.52,431.62,83.41,98.69,85.44,1.85,83.44,26.81,63.36,70.64
TR-002,2026-09-19T05:00:00,132.63,416.69,81.17,95.78,85.18,1.89,79.56,26.64,63.98,69.52
TR-002,2026-09-19T06:00:00,129.39,421.1,82.01,96.74,84.63,1.84,81.35,26.25,63.45,70.13
TR-002,2026-09-19T07:00:00,131.23,424.1,83.02,98.25,84.7,1.83,82.34,27.63,58.56,72.35
TR-002,2026-09-19T08:00:00,134.52,473.87,85.91,101.52,84.68,1.94,90.99,27.01,59.36,70.74
TR-002,2026-09-19T09:00:00,131.92,457.22,85.22,101.41,84.94,1.82,88.74,27.92,58.26,70.47
TR-002,2026-09-19T10:00:00,131.11,493.07,88.37,104.62,85.14,2.1,94.59,30.25,59.97,70.04
TR-002,2026-09-19T11:00:00,134.36,471.2,88.12,105.08,84.58,2.01,91.19,29.44,58.29,72.05
TR-002,2026-09-19T12:00:00,131.35,482.55,87.13,103.53,84.85,1.97,92.19,30.35,58.07,72.2
TR-002,2026-09-19T13:00:00,131.8,519.48,90.37,107.63,85.05,2.12,99.5,31.15,55.23,72.25
TR-002,2026-09-19T14:00:00,130.64,514.15,91.64,107.83,85.19,2.0,98.57,32.65,52.93,72.53
TR-002,2026-09-19T15:00:00,133.01,516.48,90.84,108.4,84.71,2.07,99.24,32.21,51.69,73.83
TR-002,2026-09-19T16:00:00,131.23,498.12,89.62,106.5,84.54,2.07,95.51,29.3,61.34,72.72
TR-002,2026-09-19T17:00:00,130.73,461.4,86.73,102.83,84.56,1.89,88.71,30.06,59.04,73.6
TR-002,2026-09-19T18:00:00,131.18,468.45,86.44,103.37,84.2,2.1,91.0,28.15,58.13,72.75
TR-002,2026-09-19T19:00:00,130.45,462.73,85.97,102.3,84.37,1.86,89.02,28.6,61.46,72.21
TR-002,2026-09-19T20:00:00,132.78,472.58,86.95,102.69,84.19,1.82,90.54,26.99,62.37,75.83
TR-002,2026-09-19T21:00:00,131.5,433.54,83.86,98.66,84.6,1.77,83.98,27.75,61.43,73.81
TR-002,2026-09-19T22:00:00,130.45,450.45,83.81,98.93,84.83,1.79,86.14,27.59,60.07,74.33
TR-002,2026-09-19T23:00:00,133.91,421.32,82.6,98.07,84.52,1.8,80.97,26.42,64.94,75.22
TR-003,2026-09-15T00:00:00,33.27,144.53,54.19,66.31,87.62,1.53,52.34,23.01,66.08,45.77
TR-003,2026-09-15T01:00:00,32.89,139.18,53.91,66.72,88.16,1.63,51.0,22.98,71.03,45.47
TR-003,2026-09-15T02:00:00,32.53,143.52,54.32,66.77,87.45,1.47,51.92,23.85,68.62,47.36
TR-003,2026-09-15T03:00:00,32.99,150.61,56.54,69.3,87.49,1.44,53.13,24.41,67.45,44.92
TR-003,2026-09-15T04:00:00,33.05,143.32,56.4,69.54,87.93,1.46,52.37,25.21,62.37,47.1
TR-003,2026-09-15T05:00:00,32.82,165.18,58.03,71.31,88.34,1.51,57.84,24.62,67.55,47.26
TR-003,2026-09-15T06:00:00,33.66,152.71,57.77,70.6,88.31,1.71,54.72,26.21,61.61,47.74
TR-003,2026-09-15T07:00:00,32.8,164.84,58.27,70.92,87.5,1.55,58.12,27.73,58.26,46.15
TR-003,2026-09-15T08:00:00,33.05,157.14,58.39,71.13,88.12,1.81,56.75,28.61,60.66,45.38
TR-003,2026-09-15T09:00:00,33.38,181.4,62.44,75.54,88.1,1.61,63.29,30.14,58.56,48.56
TR-003,2026-09-15T10:00:00,33.23,175.62,60.83,74.34,87.65,1.74,62.76,29.57,60.43,45.87
TR-003,2026-09-15T11:00:00,32.71,177.6,61.9,75.19,87.17,1.78,61.87,29.61,59.48,48.67
TR-003,2026-09-15T12:00:00,33.22,173.58,61.19,74.36,87.57,1.59,62.5,29.36,57.07,49.31
TR-003,2026-09-15T13:00:00,33.1,176.0,61.62,75.55,87.16,1.55,62.62,31.29,57.27,48.09
TR-003,2026-09-15T14:00:00,33.47,172.98,62.31,75.41,87.77,1.55,61.99,30.5,57.65,47.14
TR-003,2026-09-15T15:00:00,32.7,190.21,63.06,77.77,87.22,1.7,67.38,30.58,55.46,49.55
TR-003,2026-09-15T16:00:00,33.21,172.02,60.37,73.25,87.25,1.73,60.71,29.17,55.8,49.78
TR-003,2026-09-15T17:00:00,33.64,179.24,60.7,74.3,87.72,1.56,64.29,28.9,58.03,50.77
TR-003,2026-09-15T18:00:00,33.36,164.26,59.99,72.62,87.49,1.47,57.76,28.23,61.06,49.26
TR-003,2026-09-15T19:00:00,33.17,168.32,60.71,74.81,87.02,1.54,61.36,28.4,61.41,50.11
TR-003,2026-09-15T20:00:00,33.61,159.34,57.97,70.49,87.45,1.68,57.57,26.92,62.77,51.12
TR-003,2026-09-15T21:00:00,33.46,166.62,58.86,72.18,87.62,1.58,58.94,26.74,59.72,51.84
TR-003,2026-09-15T22:00:00,32.99,164.04,59.35,72.79,87.82,1.84,59.97,26.67,65.1,49.03
TR-003,2026-09-15T23:00:00,33.09,161.45,58.99,72.95,87.58,1.48,58.14,26.55,60.08,49.8
TR-003,2026-09-16T00:00:00,32.42,132.11,52.99,65.15,87.2,1.61,46.15,22.69,65.96,51.15
TR-003,2026-09-16T01:00:00,32.71,143.28,54.4,67.56,87.29,1.55,51.85,23.37,68.25,52.59
TR-003,2026-09-16T02:00:00,32.43,151.65,56.78,68.88,86.81,1.58,53.45,24.69,65.19,51.94
TR-003,2026-09-16T03:00:00,33.32,146.77,55.37,68.33,86.85,1.75,51.56,23.52,67.36,52.88
TR-003,2026-09-16T04:00:00,32.56,152.87,57.09,70.74,87.43,1.46,55.93,26.18,65.07,51.09
TR-003,2026-09-16T05:00:00,33.28,145.69,55.42,67.85,87.13,1.61,51.76,24.73,64.61,51.27
TR-003,2026-09-16T06:00:00,33.1,151.08,56.46,68.51,87.46,1.51,53.16,25.85,63.56,52.03
TR-003,2026-09-16T07:00:00,33.57,156.51,58.44,71.74,86.99,1.55,54.62,27.49,60.76,53.63
TR-003,2026-09-16T08:00:00,32.44,157.4,59.34,71.93,87.34,1.8,56.67,28.01,63.21,51.28
TR-003,2026-09-16T09:00:00,32.71,169.49,59.62,72.17,86.71,1.68,59.3,28.15,59.1,53.74
TR-003,2026-09-16T10:00:00,33.12,169.0,60.08,74.15,87.24,1.58,60.38,30.15,54.31,53.14
TR-003,2026-09-16T11:00:00,32.8,170.3,61.72,74.29,87.11,1.78,59.61,31.13,57.17,52.17
TR-003,2026-09-16T12:00:00,32.65,176.52,62.31,76.32,86.51,1.84,63.07,29.35,60.86,54.08
TR-003,2026-09-16T13:00:00,32.83,188.2,61.66,74.97,87.21,1.57,65.52,30.09,57.77,53.99
TR-003,2026-09-16T14:00:00,32.65,190.0,64.73,79.24,87.1,1.68,68.71,31.45,53.96,52.8
TR-003,2026-09-16T15:00:00,33.37,173.16,60.49,73.97,86.74,1.69,61.54,30.3,59.84,53.58
TR-003,2026-09-16T16:00:00,32.69,167.84,61.18,75.22,87.0,1.52,61.3,29.64,60.06,54.31
TR-003,2026-09-16T17:00:00,32.67,162.3,60.34,73.22,87.26,1.49,58.48,30.04,56.87,55.06
TR-003,2026-09-16T18:00:00,32.67,175.04,60.81,73.67,87.07,1.86,62.65,30.25,54.91,56.79
TR-003,2026-09-16T19:00:00,33.17,165.41,59.08,72.85,86.23,1.5,58.56,28.91,61.55,55.52
TR-003,2026-09-16T20:00:00,33.53,158.78,57.02,69.96,86.35,1.65,55.53,27.49,63.2,55.58
TR-003,2026-09-16T21:00:00,33.24,146.95,56.24,68.72,87.03,1.44,53.65,26.48,63.5,55.23
TR-003,2026-09-16T22:00:00,32.88,153.64,56.34,68.68,86.32,1.75,54.69,25.35,64.63,57.02
TR-003,2026-09-16T23:00:00,33.39,166.37,58.14,71.4,86.57,1.79,57.67,26.85,62.24,56.3
TR-003,2026-09-17T00:00:00,32.76,129.55,54.14,65.69,87.05,1.56,47.27,23.85,68.33,59.0
TR-003,2026-09-17T01:00:00,32.47,154.76,56.33,69.92,86.09,1.79,54.71,22.63,66.87,58.64
TR-003,2026-09-17T02:00:00,32.81,155.66,55.9,68.94,86.81,1.68,54.38,25.04,67.42,55.61
TR-003,2026-09-17T03:00:00,33.59,153.77,55.96,69.66,86.85,1.61,54.69,24.86,64.06,57.71
TR-003,2026-09-17T04:00:00,32.65,139.68,54.48,67.73,86.14,1.45,50.89,25.41,65.69,59.68
TR-003,2026-09-17T05:00:00,32.77,157.62,59.14,72.8,86.76,1.77,58.0,26.26,65.87,57.74
TR-003,2026-09-17T06:00:00,32.86,163.65,58.16,71.0,86.83,1.77,59.87,26.07,66.16,59.1
TR-003,2026-09-17T07:00:00,33.62,155.4,58.71,71.2,86.44,1.5,54.81,28.62,58.41,59.5
TR-003,2026-09-17T08:00:00,33.3,159.94,58.46,72.25,86.79,1.46,55.52,29.35,59.09,60.68
TR-003,2026-09-17T09:00:00,32.63,177.95,60.94,75.03,86.03,1.86,63.32,29.98,55.54,60.79
TR-003,2026-09-17T10:00:00,33.28,162.06,59.67,72.46,86.01,1.49,57.38,30.49,55.3,57.93
TR-003,2026-09-17T11:00:00,32.85,164.05,61.05,74.24,86.11,1.66,57.76,31.41,52.99,59.67
TR-003,2026-09-17T12:00:00,33.2,185.97,61.52,75.99,85.99,1.65,65.75,29.65,60.73,58.3
TR-003,2026-09-17T13:00:00,32.84,173.9,62.33,75.19,86.26,1.72,61.28,31.47,55.19,58.37
TR-003,2026-09-17T14:00:00,32.56,195.81,63.08,76.78,85.83,1.81,68.54,30.97,57.38,61.42
TR-003,2026-09-17T15:00:00,32.71,171.09,61.35,75.48,85.76,1.63,62.04,29.98,57.1,59.93
TR-003,2026-09-17T16:00:00,33.13,176.56,60.98,74.42,85.66,1.82,64.13,29.24,57.49,60.59
TR-003,2026-09-17T17:00:00,33.21,168.56,60.5,74.67,85.92,1.66,61.66,30.13,55.88,61.11
TR-003,2026-09-17T18:00:00,32.69,159.36,60.34,72.94,85.86,1.67,58.48,30.09,60.19,61.86
TR-003,2026-09-17T19:00:00,33.45,171.21,59.94,73.93,85.96,1.8,60.01,28.42,59.73,60.07
TR-003,2026-09-17T20:00:00,33.28,172.84,61.38,75.22,86.08,1.55,61.72,29.2,60.24,60.69
TR-003,2026-09-17T21:00:00,33.62,174.7,59.28,73.58,85.87,1.85,61.29,26.21,63.95,63.59
TR-003,2026-09-17T22:00:00,33.54,156.46,56.46,69.19,85.73,1.54,54.4,25.37,64.19,63.99
TR-003,2026-09-17T23:00:00,33.16,161.34,57.77,70.39,85.96,1.73,57.54,25.76,66.5,64.45
TR-003,2026-09-18T00:00:00,32.47,138.78,53.91,66.3,85.72,1.57,50.33,22.77,69.0,61.15
TR-003,2026-09-18T01:00:00,32.53,138.62,53.33,66.37,85.64,1.48,49.12,23.91,68.11,64.93
TR-003,2026-09-18T02:00:00,32.37,157.68,55.74,68.69,85.98,1.48,55.18,23.41,69.6,62.04
TR-003,2026-09-18T03:00:00,32.92,162.52,56.83,70.18,85.44,1.54,56.88,23.97,68.49,64.71
TR-003,2026-09-18T04:00:00,33.48,160.68,56.65,69.41,85.73,1.5,56.24,25.38,66.54,65.52
TR-003,2026-09-18T05:00:00,32.59,147.47,55.82,68.38,86.11,1.66,51.48,27.01,60.63,65.54
TR-003,2026-09-18T06:00:00,33.18,154.07,57.08,70.3,85.34,1.76,56.37,25.26,65.13,63.9
TR-003,2026-09-18T07:00:00,33.52,155.71,57.38,70.12,85.29,1.64,54.72,27.9,63.44,66.18
TR-003,2026-09-18T08:00:00,33.23,164.79,58.52,72.34,85.87,1.49,59.68,27.73,63.37,65.59
TR-003,2026-09-18T09:00:00,32.35,166.62,60.08,74.26,85.71,1.64,60.39,29.58,57.39,64.64
TR-003,2026-09-18T10:00:00,32.96,166.08,59.96,72.6,85.55,1.71,58.68,30.31,59.09,65.0
TR-003,2026-09-18T11:00:00,33.14,174.19,60.18,74.63,85.65,1.82,62.93,28.82,57.84,66.59
TR-003,2026-09-18T12:00:00,32.73,181.22,63.97,78.4,85.78,1.75,65.97,31.46,56.27,66.72
TR-003,2026-09-18T13:00:00,33.21,188.91,62.57,76.3,84.99,1.79,65.69,30.61,57.02,65.01
TR-003,2026-09-18T14:00:00,32.63,187.41,64.84,79.13,85.43,1.85,66.81,32.85,55.27,68.01
TR-003,2026-09-18T15:00:00,32.47,168.12,61.84,75.78,85.07,1.74,61.37,30.61,55.6,65.11
TR-003,2026-09-18T16:00:00,33.32,170.77,61.36,74.53,85.15,1.8,61.68,31.53,55.03,68.47
TR-003,2026-09-18T17:00:00,33.59,170.49,61.82,76.03,85.21,1.62,62.42,31.17,53.07,68.67
TR-003,2026-09-18T18:00:00,32.6,160.85,60.35,73.48,85.12,1.72,57.77,29.54,59.86,67.45
TR-003,2026-09-18T19:00:00,32.57,171.11,59.14,73.01,84.94,1.76,60.63,27.18,61.67,68.8
TR-003,2026-09-18T20:00:00,33.15,155.89,58.83,71.61,84.78,1.52,55.2,27.71,60.17,66.06
TR-003,2026-09-18T21:00:00,33.44,153.68,58.49,71.13,85.4,1.57,55.99,27.86,58.48,67.78
TR-003,2026-09-18T22:00:00,32.56,162.95,57.47,70.97,85.28,1.58,57.04,26.06,65.74,70.48
TR-003,2026-09-18T23:00:00,33.53,149.76,57.32,70.85,85.05,1.52,53.99,25.07,66.26,67.27
TR-003,2026-09-19T00:00:00,33.12,141.48,54.81,66.72,85.5,1.5,51.71,22.27,69.3,67.19
TR-003,2026-09-19T01:00:00,33.21,155.17,55.84,68.65,84.97,1.64,54.87,21.89,69.51,67.86
TR-003,2026-09-19T02:00:00,33.17,147.98,56.36,68.81,85.17,1.48,53.56,24.48,67.76,67.92
TR-003,2026-09-19T03:00:00,32.5,149.66,55.48,67.93,84.79,1.63,54.83,23.49,65.48,70.56
TR-003,2026-09-19T04:00:00,32.39,147.05,56.54,69.0,84.5,1.66,52.53,24.46,68.25,71.34
TR-003,2026-09-19T05:00:00,32.54,154.38,58.17,70.63,84.73,1.54,56.6,26.04,66.37,69.43
TR-003,2026-09-19T06:00:00,32.47,153.69,56.81,70.34,84.75,1.71,56.05,25.29,62.13,71.53
TR-003,2026-09-19T07:00:00,33.46,152.22,56.57,69.31,85.03,1.74,53.78,26.34,60.55,72.01
TR-003,2026-09-19T08:00:00,32.87,161.31,57.79,71.39,85.18,1.68,55.96,27.32,63.3,69.45
TR-003,2026-09-19T09:00:00,32.42,175.64,59.79,73.44,85.15,1.74,61.15,27.64,59.13,70.77
TR-003,2026-09-19T10:00:00,32.38,168.56,61.43,74.2,85.24,1.53,59.54,30.35,56.44,69.68
TR-003,2026-09-19T11:00:00,32.75,169.6,61.19,74.7,84.86,1.83,59.84,30.53,57.72,71.1
TR-003,2026-09-19T12:00:00,33.26,172.41,61.51,74.93,84.94,1.65,63.02,31.15,57.81,72.23
TR-003,2026-09-19T13:00:00,32.41,191.33,64.05,78.72,85.1,1.59,67.82,30.3,57.0,71.21
TR-003,2026-09-19T14:00:00,32.41,189.76,64.34,78.1,84.66,1.85,68.76,32.43,53.54,73.93
TR-003,2026-09-19T15:00:00,32.5,177.75,61.64,75.21,84.73,1.52,63.49,31.79,52.36,73.17
TR-003,2026-09-19T16:00:00,32.74,178.7,62.09,76.55,84.5,1.54,63.79,29.79,56.15,72.82
TR-003,2026-09-19T17:00:00,33.16,173.98,61.9,74.88,84.87,1.59,62.23,30.47,55.84,74.57
TR-003,2026-09-19T18:00:00,32.73,180.48,61.1,74.36,84.22,1.78,64.38,29.94,58.92,71.93
TR-003,2026-09-19T19:00:00,32.59,173.62,59.92,73.81,84.77,1.53,60.47,28.35,59.46,75.46
TR-003,2026-09-19T20:00:00,33.12,174.08,60.38,74.62,84.15,1.68,61.2,27.85,60.91,72.19
TR-003,2026-09-19T21:00:00,33.45,170.35,60.6,73.56,84.57,1.75,60.9,27.36,59.23,73.8
TR-003,2026-09-19T22:00:00,33.51,160.03,58.99,72.8,84.72,1.56,57.14,26.32,65.8,76.38
TR-003,2026-09-19T23:00:00,32.52,152.76,57.84,70.46,84.63,1.75,54.87,26.6,63.87,76.49
TR-004,2026-09-15T00:00:00,32.61,185.75,59.84,73.47,88.48,1.71,59.52,22.04,72.19,45.02
TR-004,2026-09-15T01:00:00,32.77,186.12,61.06,74.69,88.14,1.65,61.28,22.89,69.65,46.62
TR-004,2026-09-15T02:00:00,33.46,186.88,59.93,72.7,88.11,1.55,59.29,24.07,67.9,44.14
TR-004,2026-09-15T03:00:00,32.67,191.13,61.38,75.24,87.44,1.78,60.56,25.24,62.25,47.22
TR-004,2026-09-15T04:00:00,33.48,205.35,63.09,77.44,88.18,1.64,65.46,25.52,65.21,47.71
TR-004,2026-09-15T05:00:00,33.6,202.88,63.15,76.12,87.6,1.74,63.91,25.44,66.03,47.73
TR-004,2026-09-15T06:00:00,33.54,215.08,65.91,80.17,87.92,1.84,68.72,27.11,64.62,45.68
TR-004,2026-09-15T07:00:00,33.24,197.66,63.74,77.37,87.72,1.73,64.77,26.35,60.76,47.09
TR-004,2026-09-15T08:00:00,32.78,208.77,63.93,77.65,87.31,1.88,66.67,26.96,62.75,47.65
TR-004,2026-09-15T09:00:00,33.1,215.02,66.38,80.22,87.41,1.6,69.82,29.52,58.25,46.91
TR-004,2026-09-15T10:00:00,32.46,218.74,66.56,80.77,87.42,1.86,71.46,28.47,59.98,49.49
TR-004,2026-09-15T11:00:00,33.64,227.68,68.86,84.26,87.78,1.84,75.03,30.51,59.49,48.48
TR-004,2026-09-15T12:00:00,33.55,228.52,68.01,82.17,88.05,1.89,72.28,30.32,56.27,49.21
TR-004,2026-09-15T13:00:00,32.4,235.06,68.78,84.21,87.28,1.96,74.54,30.41,57.11,46.28
TR-004,2026-09-15T14:00:00,33.22,228.32,69.05,82.97,87.62,1.85,72.77,33.09,55.72,49.6
TR-004,2026-09-15T15:00:00,33.58,238.53,69.19,83.77,87.14,1.65,76.15,30.29,58.83,48.98
TR-004,2026-09-15T16:00:00,32.64,227.95,68.9,83.48,87.04,1.85,74.31,30.33,57.21,49.57
TR-004,2026-09-15T17:00:00,33.34,228.33,67.57,82.86,87.1,1.89,73.38,30.6,55.41,47.6
TR-004,2026-09-15T18:00:00,32.92,226.15,68.03,82.68,87.1,1.75,73.29,29.82,59.55,49.68
TR-004,2026-09-15T19:00:00,32.53,229.87,68.81,83.8,87.3,1.94,73.58,29.91,57.96,49.97
TR-004,2026-09-15T20:00:00,32.35,204.36,65.6,79.19,87.65,1.86,65.61,28.11,59.4,49.65
TR-004,2026-09-15T21:00:00,33.02,209.02,65.75,79.43,87.05,1.85,68.52,26.5,64.86,51.66
TR-004,2026-09-15T22:00:00,33.65,215.19,65.15,78.72,86.94,1.83,69.54,26.82,62.19,49.82
TR-004,2026-09-15T23:00:00,33.21,187.7,63.49,76.76,87.26,1.72,61.84,26.36,61.79,51.09
TR-004,2026-09-16T00:00:00,32.82,181.0,59.13,72.03,87.0,1.74,58.98,22.45,68.44,52.36
TR-004,2026-09-16T01:00:00,33.31,179.86,59.39,72.19,87.3,1.52,56.8,23.22,68.31,52.62
TR-004,2026-09-16T02:00:00,32.52,198.38,62.94,76.01,86.8,1.53,63.87,23.29,67.61,49.62
TR-004,2026-09-16T03:00:00,32.87,195.98,62.98,76.71,87.69,1.68,62.93,25.89,65.32,51.21
TR-004,2026-09-16T04:00:00,33.36,192.46,61.78,75.32,87.06,1.68,61.33,24.71,66.41,53.39
TR-004,2026-09-16T05:00:00,33.15,205.16,64.35,77.89,87.58,1.79,67.26,26.04,66.25,53.19
TR-004,2026-09-16T06:00:00,32.81,201.63,63.36,77.09,86.64,1.62,65.95,26.63,65.0,51.95
TR-004,2026-09-16T07:00:00,32.94,203.51,65.15,79.52,87.09,1.84,67.11,28.78,61.34,51.8
TR-004,2026-09-16T08:00:00,32.57,215.37,65.99,80.73,87.06,1.7,68.98,27.6,63.54,53.07
TR-004,2026-09-16T09:00:00,33.49,212.9,66.2,80.39,86.65,1.63,68.72,28.61,57.05,53.82
TR-004,2026-09-16T10:00:00,32.59,212.09,65.83,79.6,87.29,1.82,68.86,29.99,57.4,53.42
TR-004,2026-09-16T11:00:00,32.55,220.71,65.56,79.99,86.61,1.8,70.12,28.57,56.88,54.04
TR-004,2026-09-16T12:00:00,32.68,214.3,68.07,82.49,86.44,1.83,70.16,32.04,55.41,53.13
TR-004,2026-09-16T13:00:00,32.93,227.1,67.9,82.88,86.99,1.87,71.67,32.44,55.76,52.98
TR-004,2026-09-16T14:00:00,32.69,242.58,70.15,85.27,86.59,1.78,77.53,31.53,52.86,53.31
TR-004,2026-09-16T15:00:00,33.01,240.56,69.06,84.03,86.94,1.66,77.86,30.28,58.78,54.76
TR-004,2026-09-16T16:00:00,32.98,215.32,68.27,83.26,87.07,1.81,70.65,30.98,56.16,54.48
TR-004,2026-09-16T17:00:00,33.04,210.54,67.52,81.52,86.86,1.83,68.79,30.91,57.7,56.04
TR-004,2026-09-16T18:00:00,32.52,210.42,66.41,80.18,87.12,1.7,67.95,28.53,57.84,56.34
TR-004,2026-09-16T19:00:00,33.1,220.03,66.96,81.76,86.53,1.73,72.21,27.19,59.64,56.36
TR-004,2026-09-16T20:00:00,33.47,205.85,64.42,78.71,86.93,1.69,66.65,27.6,62.8,55.93
TR-004,2026-09-16T21:00:00,33.07,203.13,64.1,78.4,86.89,1.85,66.32,26.75,63.33,57.24
TR-004,2026-09-16T22:00:00,33.26,200.16,63.61,77.26,86.67,1.78,65.66,25.81,65.03,55.14
TR-004,2026-09-16T23:00:00,32.35,208.35,65.31,79.37,86.15,1.64,68.53,24.94,62.57,54.9
TR-004,2026-09-17T00:00:00,33.64,179.48,60.15,73.48,87.01,1.75,57.53,22.73,69.25,56.76
TR-004,2026-09-17T01:00:00,33.21,180.79,58.71,72.03,86.55,1.55,57.34,22.69,66.48,55.39
TR-004,2026-09-17T02:00:00,32.34,179.2,61.87,74.94,86.4,1.69,58.91,25.49,64.37,58.45
TR-004,2026-09-17T03:00:00,32.46,180.19,62.18,75.23,86.93,1.58,58.82,25.66,64.65,56.53
TR-004,2026-09-17T04:00:00,33.1,205.25,63.18,76.52,86.23,1.88,66.98,25.05,66.74,59.83
TR-004,2026-09-17T05:00:00,33.41,210.99,65.8,80.0,86.68,1.83,67.82,26.58,65.4,58.09
TR-004,2026-09-17T06:00:00,33.11,199.16,62.86,76.99,86.87,1.78,65.77,25.52,62.6,57.76
TR-004,2026-09-17T07:00:00,33.02,215.2,66.18,79.92,86.52,1.88,71.0,28.33,57.46,60.48
TR-004,2026-09-17T08:00:00,32.81,216.11,66.27,80.72,86.73,1.74,68.44,27.31,59.73,59.94
TR-004,2026-09-17T09:00:00,32.61,222.96,67.41,81.42,85.9,1.93,72.88,27.92,61.67,59.9
TR-004,2026-09-17T10:00:00,33.35,223.86,66.88,81.56,86.25,1.94,72.08,27.96,62.94,60.98
TR-004,2026-09-17T11:00:00,33.64,228.48,67.01,81.65,85.78,1.88,72.36,29.34,58.36,59.91
TR-004,2026-09-17T12:00:00,32.86,230.43,69.13,84.08,86.16,1.85,73.73,29.69,55.04,58.84
TR-004,2026-09-17T13:00:00,32.77,235.58,69.31,83.7,86.14,1.85,75.63,30.61,55.78,60.25
TR-004,2026-09-17T14:00:00,33.26,227.91,69.16,83.3,85.77,1.82,73.93,33.06,51.28,58.9
TR-004,2026-09-17T15:00:00,32.65,226.06,67.78,83.1,85.76,1.89,73.14,30.98,54.09,60.75
TR-004,2026-09-17T16:00:00,33.46,240.95,70.79,85.46,86.14,1.85,77.67,31.33,54.9,61.76
TR-004,2026-09-17T17:00:00,33.41,213.42,66.68,80.62,85.91,1.77,68.92,30.39,59.51,60.28
TR-004,2026-09-17T18:00:00,32.5,212.4,65.75,79.93,86.17,1.62,67.33,30.72,58.1,60.92
TR-004,2026-09-17T19:00:00,32.98,223.33,67.15,81.22,86.12,1.64,71.28,29.84,55.75,62.98
TR-004,2026-09-17T20:00:00,33.17,209.41,64.82,78.34,85.69,1.67,67.32,29.05,57.67,61.07
TR-004,2026-09-17T21:00:00,32.7,211.83,65.57,79.87,86.4,1.71,68.51,28.42,57.97,60.34
TR-004,2026-09-17T22:00:00,33.21,214.93,64.34,77.92,85.5,1.58,67.91,27.27,63.87,62.69
TR-004,2026-09-17T23:00:00,32.86,191.81,61.28,74.22,86.02,1.81,61.02,24.75,64.23,61.74
TR-004,2026-09-18T00:00:00,33.17,172.18,58.88,72.25,86.2,1.57,56.73,23.68,66.84,64.9
TR-004,2026-09-18T01:00:00,32.7,185.6,61.81,74.7,85.91,1.71,60.05,24.74,66.21,63.51
TR-004,2026-09-18T02:00:00,33.18,187.79,61.41,75.4,85.72,1.63,61.19,23.54,65.75,62.71
TR-004,2026-09-18T03:00:00,33.42,184.12,60.51,72.97,86.17,1.81,58.27,24.2,66.06,61.79
TR-004,2026-09-18T04:00:00,32.73,192.58,61.83,75.36,85.78,1.66,62.99,23.85,64.7,64.95
TR-004,2026-09-18T05:00:00,32.84,195.81,62.66,76.84,86.1,1.81,63.93,25.77,64.95,63.39
TR-004,2026-09-18T06:00:00,33.41,210.02,64.77,78.56,85.8,1.78,68.03,27.73,59.54,64.99
TR-004,2026-09-18T07:00:00,32.37,196.56,63.55,76.75,85.4,1.78,64.86,27.44,62.7,63.68
TR-004,2026-09-18T08:00:00,32.99,202.49,65.11,79.83,85.56,1.82,65.83,27.43,60.34,66.37
TR-004,2026-09-18T09:00:00,32.41,230.64,67.12,81.24,85.91,1.9,73.51,27.38,63.4,63.74
TR-004,2026-09-18T10:00:00,32.67,229.97,68.3,82.15,85.5,1.88,73.31,29.16,58.89,67.43
TR-004,2026-09-18T11:00:00,33.24,222.0,67.82,81.59,85.95,1.78,72.22,29.47,56.81,66.3
TR-004,2026-09-18T12:00:00,33.51,224.67,66.61,81.24,85.3,1.65,71.3,29.82,56.43,64.48
TR-004,2026-09-18T13:00:00,32.35,235.02,70.37,85.48,85.32,1.68,77.29,32.18,52.18,64.62
TR-004,2026-09-18T14:00:00,33.57,244.29,69.59,84.77,85.62,1.92,77.2,32.38,51.68,65.43
TR-004,2026-09-18T15:00:00,33.38,246.94,70.87,85.47,85.58,1.78,78.83,32.25,51.93,68.34
TR-004,2026-09-18T16:00:00,32.92,226.08,68.14,82.26,85.21,1.87,73.59,31.26,54.26,68.33
TR-004,2026-09-18T17:00:00,33.07,230.51,68.19,82.63,85.2,1.63,75.75,28.97,59.87,66.77
TR-004,2026-09-18T18:00:00,32.36,216.38,66.07,80.6,85.46,1.76,68.65,30.16,56.58,67.6
TR-004,2026-09-18T19:00:00,33.07,217.76,66.49,80.16,85.29,1.6,69.88,28.13,62.32,66.27
TR-004,2026-09-18T20:00:00,32.61,221.84,66.43,81.41,85.4,1.78,71.61,26.8,63.51,67.02
TR-004,2026-09-18T21:00:00,33.14,201.18,64.56,78.51,85.6,1.57,66.28,28.62,61.38,66.49
TR-004,2026-09-18T22:00:00,33.58,205.46,64.72,79.23,84.95,1.56,66.55,26.27,60.52,67.72
TR-004,2026-09-18T23:00:00,33.61,207.92,65.16,78.82,85.18,1.65,68.37,26.68,63.23,67.47
TR-004,2026-09-19T00:00:00,32.89,183.45,60.61,73.98,85.29,1.8,60.45,23.08,65.88,67.72
TR-004,2026-09-19T01:00:00,32.79,179.3,60.95,74.02,84.91,1.83,58.94,24.83,64.2,68.74
TR-004,2026-09-19T02:00:00,32.91,197.9,62.45,75.67,85.33,1.84,63.11,24.33,64.53,71.35
TR-004,2026-09-19T03:00:00,32.86,194.0,62.79,76.38,85.52,1.61,61.85,26.12,62.12,68.64
TR-004,2026-09-19T04:00:00,32.37,209.03,63.65,77.71,85.06,1.87,66.39,25.9,61.58,68.15
TR-004,2026-09-19T05:00:00,32.52,196.02,62.75,76.98,84.56,1.66,63.66,26.25,65.63,71.19
TR-004,2026-09-19T06:00:00,33.39,207.13,65.69,79.92,85.35,1.77,67.87,27.64,59.84,71.42
TR-004,2026-09-19T07:00:00,32.44,206.24,65.24,79.86,84.83,1.87,67.96,28.15,62.49,69.66
TR-004,2026-09-19T08:00:00,33.14,211.65,66.24,80.21,84.42,1.77,69.85,28.83,57.15,71.01
TR-004,2026-09-19T09:00:00,32.41,212.06,65.41,79.65,84.85,1.64,67.66,28.35,58.71,70.83
TR-004,2026-09-19T10:00:00,32.45,212.2,65.37,78.85,84.82,1.83,68.22,27.98,58.31,70.04
TR-004,2026-09-19T11:00:00,32.98,227.54,67.89,82.83,84.54,1.63,72.91,29.09,60.53,71.04
TR-004,2026-09-19T12:00:00,32.46,240.73,69.36,84.01,84.85,1.65,77.1,30.44,55.67,73.95
TR-004,2026-09-19T13:00:00,33.65,234.74,68.27,83.61,84.43,1.76,75.91,30.27,58.64,73.66
TR-004,2026-09-19T14:00:00,32.41,231.25,70.15,85.25,84.21,1.85,73.15,33.28,50.25,72.3
TR-004,2026-09-19T15:00:00,32.62,220.98,67.63,81.65,84.65,1.85,71.16,30.44,54.69,73.55
TR-004,2026-09-19T16:00:00,33.11,218.2,66.01,79.95,84.93,1.8,69.86,29.3,55.87,73.62
TR-004,2026-09-19T17:00:00,32.85,210.06,67.22,81.97,84.13,1.87,68.5,31.06,56.81,72.17
TR-004,2026-09-19T18:00:00,33.63,213.65,67.32,81.69,84.27,1.76,70.21,28.78,59.08,75.21
TR-004,2026-09-19T19:00:00,32.67,205.11,64.68,78.08,84.4,1.67,66.07,28.17,61.0,72.69
TR-004,2026-09-19T20:00:00,33.0,227.71,67.97,83.12,84.83,1.61,72.45,28.38,60.26,73.12
TR-004,2026-09-19T21:00:00,33.52,201.74,63.3,77.85,84.6,1.75,64.57,26.1,61.71,73.21
TR-004,2026-09-19T22:00:00,33.62,200.36,63.2,76.43,84.1,1.71,63.31,26.15,65.08,75.95
TR-004,2026-09-19T23:00:00,33.27,196.41,63.6,78.06,84.08,1.85,63.28,24.91,67.64,74.02
TR-005,2026-09-15T00:00:00,11.2,78.99,45.36,57.65,88.27,1.65,43.58,22.12,68.8,44.65
TR-005,2026-09-15T01:00:00,11.19,86.8,45.16,57.53,87.58,1.41,43.61,24.63,67.13,45.7
TR-005,2026-09-15T02:00:00,11.03,79.26,45.25,56.91,88.13,1.5,43.13,23.2,67.71,45.92
TR-005,2026-09-15T03:00:00,10.94,94.02,46.3,58.1,87.44,1.65,47.63,24.64,62.63,44.83
TR-005,2026-09-15T04:00:00,11.11,92.62,46.24,59.08,88.37,1.67,46.18,26.11,63.27,45.3
TR-005,2026-09-15T05:00:00,10.89,89.24,47.44,59.52,87.66,1.59,47.47,24.63,67.01,46.63
TR-005,2026-09-15T06:00:00,11.17,95.87,48.23,61.16,87.36,1.74,48.95,26.73,62.52,46.08
TR-005,2026-09-15T07:00:00,11.03,98.14,48.74,61.05,87.69,1.52,51.57,27.73,62.87,46.6
TR-005,2026-09-15T08:00:00,11.05,90.55,48.5,61.53,87.71,1.65,50.0,28.05,58.1,48.11
TR-005,2026-09-15T09:00:00,11.09,100.99,51.04,63.48,87.82,1.7,55.07,28.41,58.1,47.07
TR-005,2026-09-15T10:00:00,11.08,100.02,50.7,62.64,87.31,1.56,50.5,30.22,56.35,47.6
TR-005,2026-09-15T11:00:00,11.13,99.89,51.18,63.71,87.94,1.74,52.51,31.35,55.87,48.39
TR-005,2026-09-15T12:00:00,11.16,94.79,50.91,63.25,87.91,1.57,51.58,31.3,56.31,46.47
TR-005,2026-09-15T13:00:00,10.87,100.73,50.98,64.26,87.65,1.42,52.37,30.59,58.91,47.2
TR-005,2026-09-15T14:00:00,10.99,107.33,52.93,65.65,87.63,1.68,56.96,30.74,56.74,49.8
TR-005,2026-09-15T15:00:00,10.85,99.76,51.28,64.2,87.89,1.52,51.7,29.94,60.11,46.95
TR-005,2026-09-15T16:00:00,10.86,103.77,52.08,65.07,87.81,1.5,53.71,31.0,55.73,49.32
TR-005,2026-09-15T17:00:00,10.82,106.08,52.01,64.44,87.42,1.65,56.89,29.61,56.84,47.79
TR-005,2026-09-15T18:00:00,10.9,102.98,51.58,64.62,87.07,1.69,54.06,29.41,59.16,51.45
TR-005,2026-09-15T19:00:00,11.08,102.06,50.13,62.93,87.25,1.6,51.43,30.13,60.28,49.17
TR-005,2026-09-15T20:00:00,11.03,90.75,48.53,60.31,87.51,1.63,47.66,28.4,62.78,48.01
TR-005,2026-09-15T21:00:00,11.06,83.35,48.51,61.44,87.28,1.48,45.88,28.38,60.29,50.8
TR-005,2026-09-15T22:00:00,10.87,83.01,46.83,58.88,87.16,1.36,44.84,27.54,62.31,49.87
TR-005,2026-09-15T23:00:00,11.05,89.55,47.54,59.75,87.48,1.72,49.61,25.03,66.74,51.33
TR-005,2026-09-16T00:00:00,11.06,85.58,44.33,56.65,87.19,1.6,42.98,22.78,70.34,50.2
TR-005,2026-09-16T01:00:00,10.92,87.49,45.91,58.52,87.64,1.49,45.86,22.46,71.63,50.37
TR-005,2026-09-16T02:00:00,11.21,79.64,45.09,56.63,87.32,1.62,41.25,25.03,66.46,52.32
TR-005,2026-09-16T03:00:00,10.79,83.59,45.4,57.32,87.64,1.43,44.45,24.66,64.32,50.2
TR-005,2026-09-16T04:00:00,11.12,97.52,46.82,59.22,87.16,1.46,49.15,25.16,67.3,52.93
TR-005,2026-09-16T05:00:00,11.12,87.63,48.79,61.81,87.31,1.43,48.0,27.12,63.17,52.09
TR-005,2026-09-16T06:00:00,11.01,90.92,49.72,62.41,86.69,1.57,50.46,27.96,57.84,52.58
TR-005,2026-09-16T07:00:00,10.92,97.6,49.83,62.13,86.76,1.51,50.96,26.77,61.26,52.51
TR-005,2026-09-16T08:00:00,10.85,88.12,48.02,60.32,86.75,1.5,47.57,26.55,61.59,51.57
TR-005,2026-09-16T09:00:00,10.9,98.53,50.3,62.83,86.95,1.47,53.2,27.38,61.25,53.95
TR-005,2026-09-16T10:00:00,10.8,93.03,49.31,61.9,87.32,1.64,49.35,28.37,60.64,52.75
TR-005,2026-09-16T11:00:00,11.09,108.07,53.08,66.53,86.92,1.5,55.98,30.1,59.23,55.43
TR-005,2026-09-16T12:00:00,10.98,104.67,51.89,64.33,86.64,1.74,54.12,31.3,56.25,55.65
TR-005,2026-09-16T13:00:00,11.09,105.11,53.2,66.03,86.42,1.61,54.45,32.2,53.31,54.09
TR-005,2026-09-16T14:00:00,11.12,102.92,50.82,64.15,87.16,1.55,53.62,30.88,57.08,55.67
TR-005,2026-09-16T15:00:00,10.96,104.72,52.73,66.49,86.71,1.57,55.57,31.7,56.83,55.11
TR-005,2026-09-16T16:00:00,10.97,110.51,52.12,65.48,86.38,1.79,56.65,30.8,56.75,54.95
TR-005,2026-09-16T17:00:00,10.98,103.47,51.2,64.8,86.34,1.48,54.17,30.97,57.93,56.34
TR-005,2026-09-16T18:00:00,11.0,99.51,50.41,63.67,87.14,1.64,51.53,28.1,57.35,54.09
TR-005,2026-09-16T19:00:00,11.01,91.54,48.52,61.2,86.53,1.59,48.76,28.9,61.63,54.97
TR-005,2026-09-16T20:00:00,10.97,107.75,49.65,61.74,87.17,1.58,54.17,27.53,58.97,55.18
TR-005,2026-09-16T21:00:00,11.02,87.95,49.34,61.49,87.01,1.69,48.64,27.94,59.0,57.06
TR-005,2026-09-16T22:00:00,10.92,89.84,47.88,60.45,86.59,1.45,47.9,26.31,62.34,58.2
TR-005,2026-09-16T23:00:00,10.85,100.98,48.06,59.92,86.11,1.66,50.53,26.51,62.66,56.5
TR-005,2026-09-17T00:00:00,10.82,90.82,45.84,58.54,86.66,1.52,47.05,22.41,66.96,57.04
TR-005,2026-09-17T01:00:00,10.98,83.07,45.23,57.36,86.88,1.43,44.48,22.39,68.93,56.89
TR-005,2026-09-17T02:00:00,10.94,90.99,46.47,57.93,86.48,1.6,45.37,24.2,64.05,58.43
TR-005,2026-09-17T03:00:00,11.21,97.43,46.91,60.02,86.06,1.56,49.81,24.56,67.11,59.59
TR-005,2026-09-17T04:00:00,11.06,85.63,44.74,56.4,86.72,1.51,43.5,24.77,65.42,57.88
TR-005,2026-09-17T05:00:00,10.97,99.0,48.22,59.95,86.83,1.66,49.68,26.89,63.53,58.5
TR-005,2026-09-17T06:00:00,10.99,82.65,47.44,60.01,86.5,1.46,45.24,25.32,62.02,58.52
TR-005,2026-09-17T07:00:00,10.9,96.08,50.26,62.21,85.96,1.48,52.5,26.68,63.03,57.35
TR-005,2026-09-17T08:00:00,11.14,92.99,49.48,62.48,86.68,1.52,50.2,28.6,57.11,57.58
TR-005,2026-09-17T09:00:00,10.85,104.52,52.36,64.89,86.23,1.67,55.03,30.15,55.54,60.19
TR-005,2026-09-17T10:00:00,11.06,99.95,49.05,61.5,86.06,1.67,51.26,28.18,61.74,59.63
TR-005,2026-09-17T11:00:00,11.09,99.46,51.18,63.12,86.66,1.58,52.48,28.94,60.16,61.6
TR-005,2026-09-17T12:00:00,10.8,110.27,53.39,66.31,86.62,1.75,55.84,31.08,54.89,59.07
TR-005,2026-09-17T13:00:00,11.07,97.9,52.09,65.15,86.26,1.49,52.1,32.15,53.3,61.01
TR-005,2026-09-17T14:00:00,11.02,103.74,51.52,63.71,85.74,1.59,53.69,33.0,51.32,59.63
TR-005,2026-09-17T15:00:00,10.79,96.35,52.37,65.66,86.56,1.65,52.86,32.65,54.77,59.23
TR-005,2026-09-17T16:00:00,10.84,110.3,53.41,67.31,86.48,1.71,57.23,31.87,53.22,60.87
TR-005,2026-09-17T17:00:00,11.06,112.39,52.01,65.78,86.32,1.58,56.93,29.33,56.48,59.55
TR-005,2026-09-17T18:00:00,10.95,102.29,51.77,64.32,85.96,1.61,54.72,28.01,63.06,61.94
TR-005,2026-09-17T19:00:00,11.0,89.52,48.87,61.51,86.4,1.64,48.99,29.47,55.91,60.04
TR-005,2026-09-17T20:00:00,10.89,96.74,49.39,62.22,86.39,1.64,51.2,29.19,57.31,62.8
TR-005,2026-09-17T21:00:00,11.03,100.7,50.46,63.12,86.27,1.7,52.92,28.65,61.24,62.41
TR-005,2026-09-17T22:00:00,11.2,88.26,46.95,59.68,85.76,1.59,44.78,26.61,61.99,63.03
TR-005,2026-09-17T23:00:00,10.82,98.16,48.63,61.2,86.14,1.64,51.48,27.38,59.49,60.91
TR-005,2026-09-18T00:00:00,10.86,82.14,45.08,56.65,85.42,1.55,42.2,23.86,68.12,61.56
TR-005,2026-09-18T01:00:00,11.1,79.99,43.51,55.32,85.62,1.51,41.61,23.3,69.56,63.05
TR-005,2026-09-18T02:00:00,10.8,88.6,46.67,58.47,86.09,1.62,48.97,24.86,64.96,64.21
TR-005,2026-09-18T03:00:00,10.85,93.76,47.08,58.91,85.9,1.56,48.93,25.94,66.1,61.93
TR-005,2026-09-18T04:00:00,10.84,88.85,46.68,59.51,85.68,1.45,48.49,23.98,67.08,65.27
TR-005,2026-09-18T05:00:00,11.0,87.85,46.8,58.7,86.0,1.7,44.66,25.16,65.83,63.55
TR-005,2026-09-18T06:00:00,11.03,96.24,50.55,63.7,85.75,1.54,52.56,27.68,58.7,63.06
TR-005,2026-09-18T07:00:00,11.09,93.65,49.36,61.04,85.23,1.69,49.01,27.15,62.45,65.86
TR-005,2026-09-18T08:00:00,10.99,83.89,46.86,59.31,85.99,1.52,46.75,27.04,63.78,66.09
TR-005,2026-09-18T09:00:00,10.87,102.29,50.41,63.89,85.68,1.44,53.1,28.74,57.47,65.25
TR-005,2026-09-18T10:00:00,11.06,109.42,50.7,63.33,85.16,1.64,56.1,28.88,56.75,64.95
TR-005,2026-09-18T11:00:00,11.02,102.7,52.58,65.22,85.2,1.73,55.53,30.81,57.4,67.62
TR-005,2026-09-18T12:00:00,10.86,104.62,51.47,64.0,85.41,1.55,54.17,29.3,60.38,67.03
TR-005,2026-09-18T13:00:00,11.11,102.4,51.3,63.93,85.07,1.73,51.66,30.36,58.29,66.62
TR-005,2026-09-18T14:00:00,10.87,106.0,52.85,65.51,85.02,1.7,54.86,31.48,57.5,66.0
TR-005,2026-09-18T15:00:00,10.99,100.7,51.37,64.83,85.34,1.56,53.08,32.5,51.57,67.63
TR-005,2026-09-18T16:00:00,11.21,102.34,52.1,64.38,85.0,1.75,55.43,29.55,57.93,65.68
TR-005,2026-09-18T17:00:00,11.17,100.2,51.39,64.27,85.0,1.76,52.19,30.87,58.33,65.6
TR-005,2026-09-18T18:00:00,11.0,110.14,52.39,65.02,85.53,1.71,55.36,29.61,56.56,66.81
TR-005,2026-09-18T19:00:00,11.17,100.1,49.96,61.87,85.75,1.43,52.2,27.61,60.91,68.82
TR-005,2026-09-18T20:00:00,11.01,88.88,49.11,61.25,84.98,1.57,46.89,28.89,56.24,68.93
TR-005,2026-09-18T21:00:00,10.84,99.21,49.44,62.2,85.01,1.68,53.29,27.78,62.98,69.24
TR-005,2026-09-18T22:00:00,10.98,88.12,47.16,59.67,85.05,1.52,44.95,27.79,61.62,69.94
TR-005,2026-09-18T23:00:00,11.17,82.65,45.72,57.35,85.6,1.54,44.38,24.6,67.37,69.9
TR-005,2026-09-19T00:00:00,11.17,77.92,43.84,55.7,85.51,1.35,39.77,21.33,69.7,69.48
TR-005,2026-09-19T01:00:00,10.86,82.27,44.78,56.18,85.57,1.42,42.99,22.03,67.14,69.16
TR-005,2026-09-19T02:00:00,11.04,96.76,47.22,59.15,84.91,1.48,48.51,23.13,68.89,68.61
TR-005,2026-09-19T03:00:00,10.93,80.5,44.5,56.66,85.21,1.52,42.44,24.75,64.13,70.23
TR-005,2026-09-19T04:00:00,11.2,96.7,47.54,60.6,84.96,1.42,49.27,26.66,64.9,69.15
TR-005,2026-09-19T05:00:00,10.83,95.55,49.14,62.37,84.99,1.63,51.47,26.59,61.37,72.13
TR-005,2026-09-19T06:00:00,10.84,91.72,48.57,60.65,84.5,1.7,49.08,26.5,61.14,72.29
TR-005,2026-09-19T07:00:00,10.96,95.02,49.05,61.77,85.11,1.7,50.84,27.77,60.52,69.97
TR-005,2026-09-19T08:00:00,11.13,87.31,48.07,61.11,85.15,1.4,47.68,27.28,60.7,70.82
TR-005,2026-09-19T09:00:00,11.19,95.01,49.77,62.71,85.04,1.62,48.89,28.02,58.39,70.2
TR-005,2026-09-19T10:00:00,10.92,89.04,48.4,60.89,84.35,1.5,48.83,28.61,58.65,70.99
TR-005,2026-09-19T11:00:00,10.85,100.16,51.63,64.47,84.44,1.59,53.76,31.26,54.53,69.77
TR-005,2026-09-19T12:00:00,11.21,105.24,52.66,65.39,85.2,1.8,56.28,31.28,56.02,70.59
TR-005,2026-09-19T13:00:00,11.18,105.5,53.26,66.92,84.37,1.65,55.83,31.9,53.5,71.86
TR-005,2026-09-19T14:00:00,10.98,107.99,53.69,67.13,84.42,1.81,58.98,30.67,55.16,70.59
TR-005,2026-09-19T15:00:00,10.98,107.39,52.03,64.55,84.49,1.66,55.62,30.1,60.01,74.38
TR-005,2026-09-19T16:00:00,10.85,104.73,51.0,63.45,84.49,1.77,53.26,30.28,59.33,71.35
TR-005,2026-09-19T17:00:00,10.98,109.92,51.78,65.24,85.08,1.6,55.26,30.91,58.51,71.81
TR-005,2026-09-19T18:00:00,10.82,98.16,51.56,65.13,84.15,1.76,53.2,29.26,60.15,71.85
TR-005,2026-09-19T19:00:00,11.18,95.74,50.25,63.23,84.19,1.47,50.84,28.83,58.55,73.97
TR-005,2026-09-19T20:00:00,11.14,92.57,48.02,60.19,84.05,1.37,46.96,27.41,59.96,75.82
TR-005,2026-09-19T21:00:00,10.99,101.02,50.06,62.76,84.68,1.51,52.36,28.51,57.45,73.36
TR-005,2026-09-19T22:00:00,10.81,102.59,49.84,63.17,84.59,1.59,52.7,26.91,63.3,72.98
TR-005,2026-09-19T23:00:00,11.03,94.48,46.38,58.4,84.81,1.43,47.91,24.99,62.99,73.84
